{
  "activity_metric": 0.15000000000000002,
  "adsorption_energy": 0.15000000000000002,
  "ml_prediction": 0.15000000000000002,
  "dos_data": 0.15000000000000002,
  "formation_energy": 0.15000000000000002,
  "literature": 0.31700000000000006
}